Name,Price,Availability,Rating,Link
Unicorn Tracks,£18.78,"

    
        In stock
    
",Three,../../../unicorn-tracks_951/index.html
"Saga, Volume 6 (Saga (Collected Editions) #6)",£25.02,"

    
        In stock
    
",Three,../../../saga-volume-6-saga-collected-editions-6_924/index.html
Princess Between Worlds (Wide-Awake Princess #5),£13.34,"

    
        In stock
    
",Five,../../../princess-between-worlds-wide-awake-princess-5_919/index.html
Masks and Shadows,£56.40,"

    
        In stock
    
",Two,../../../masks-and-shadows_909/index.html
Crown of Midnight (Throne of Glass #2),£43.29,"

    
        In stock
    
",Three,../../../crown-of-midnight-throne-of-glass-2_888/index.html
"Avatar: The Last Airbender: Smoke and Shadow, Part 3 (Smoke and Shadow #3)",£28.09,"

    
        In stock
    
",Two,../../../avatar-the-last-airbender-smoke-and-shadow-part-3-smoke-and-shadow-3_881/index.html
A Court of Thorns and Roses (A Court of Thorns and Roses #1),£52.37,"

    
        In stock
    
",One,../../../a-court-of-thorns-and-roses-a-court-of-thorns-and-roses-1_874/index.html
Throne of Glass (Throne of Glass #1),£35.07,"

    
        In stock
    
",Three,../../../throne-of-glass-throne-of-glass-1_868/index.html
The Glittering Court (The Glittering Court #1),£44.28,"

    
        In stock
    
",One,../../../the-glittering-court-the-glittering-court-1_845/index.html
Hollow City (Miss Peregrine’s Peculiar Children #2),£42.98,"

    
        In stock
    
",One,../../../hollow-city-miss-peregrines-peculiar-children-2_813/index.html
The Star-Touched Queen,£46.02,"

    
        In stock
    
",Five,../../../the-star-touched-queen_764/index.html
The Hidden Oracle (The Trials of Apollo #1),£52.26,"

    
        In stock
    
",Two,../../../the-hidden-oracle-the-trials-of-apollo-1_752/index.html
The Bane Chronicles (The Bane Chronicles #1-11),£44.73,"

    
        In stock
    
",Four,../../../the-bane-chronicles-the-bane-chronicles-1-11_746/index.html
Island of Dragons (Unwanteds #7),£29.65,"

    
        In stock
    
",One,../../../island-of-dragons-unwanteds-7_705/index.html
Demigods & Magicians: Percy and Annabeth Meet the Kanes (Percy Jackson & Kane Chronicles Crossover #1-3),£37.51,"

    
        In stock
    
",Five,../../../demigods-magicians-percy-and-annabeth-meet-the-kanes-percy-jackson-kane-chronicles-crossover-1-3_685/index.html
City of Glass (The Mortal Instruments #3),£56.02,"

    
        In stock
    
",Four,../../../city-of-glass-the-mortal-instruments-3_678/index.html
Searching for Meaning in Gailana,£38.73,"

    
        In stock
    
",One,../../../searching-for-meaning-in-gailana_648/index.html
The Star-Touched Queen,£32.30,"

    
        In stock
    
",Five,../../../the-star-touched-queen_642/index.html
A Shard of Ice (The Black Symphony Saga #1),£56.63,"

    
        In stock
    
",Three,../../../a-shard-of-ice-the-black-symphony-saga-1_558/index.html
King's Folly (The Kinsman Chronicles #1),£39.61,"

    
        In stock
    
",Five,../../../kings-folly-the-kinsman-chronicles-1_473/index.html
index.html
Princess Between Worlds (Wide-Awake Princess #5),£13.34,"

    
        In stock
    
",Five,../../../princess-between-worlds-wide-awake-princess-5_919/index.html
Masks and Shadows,£56.40,"

    
        In stock
    
",Two,../../../masks-and-shadows_909/index.html
Crown of Midnight (Throne of Glass #2),£43.29,"

    
        In stock
    
",Three,../../../crown-of-midnight-throne-of-glass-2_888/index.html
"Avatar: The Last Airbender: Smoke and Shadow, Part 3 (Smoke and Shadow #3)",£28.09,"

    
        In stock
    
",Two,../../../avatar-the-last-airbender-smoke-and-shadow-part-3-smoke-and-shadow-3_881/index.html
A Court of Thorns and Roses (A Court of Thorns and Roses #1),£52.37,"

    
        In stock
    
",One,../../../a-court-of-thorns-and-roses-a-court-of-thorns-and-roses-1_874/index.html
Throne of Glass (Throne of Glass #1),£35.07,"

    
        In stock
    
",Three,../../../throne-of-glass-throne-of-glass-1_868/index.html
The Glittering Court (The Glittering Court #1),£44.28,"

    
        In stock
    
",One,../../../the-glittering-court-the-glittering-court-1_845/index.html
Hollow City (Miss Peregrine’s Peculiar Children #2),£42.98,"

    
        In stock
    
",One,../../../hollow-city-miss-peregrines-peculiar-children-2_813/index.html
The Star-Touched Queen,£46.02,"

    
        In stock
    
",Five,../../../the-star-touched-queen_764/index.html
The Hidden Oracle (The Trials of Apollo #1),£52.26,"

    
        In stock
    
",Two,../../../the-hidden-oracle-the-trials-of-apollo-1_752/index.html
The Bane Chronicles (The Bane Chronicles #1-11),£44.73,"

    
        In stock
    
",Four,../../../the-bane-chronicles-the-bane-chronicles-1-11_746/index.html
Island of Dragons (Unwanteds #7),£29.65,"

    
        In stock
    
",One,../../../island-of-dragons-unwanteds-7_705/index.html
Demigods & Magicians: Percy and Annabeth Meet the Kanes (Percy Jackson & Kane Chronicles Crossover #1-3),£37.51,"

    
        In stock
    
",Five,../../../demigods-magicians-percy-and-annabeth-meet-the-kanes-percy-jackson-kane-chronicles-crossover-1-3_685/index.html
City of Glass (The Mortal Instruments #3),£56.02,"

    
        In stock
    
",Four,../../../city-of-glass-the-mortal-instruments-3_678/index.html
Searching for Meaning in Gailana,£38.73,"

    
        In stock
    
",One,../../../searching-for-meaning-in-gailana_648/index.html
The Star-Touched Queen,£32.30,"

    
        In stock
    
",Five,../../../the-star-touched-queen_642/index.html
A Shard of Ice (The Black Symphony Saga #1),£56.63,"

    
        In stock
    
",Three,../../../a-shard-of-ice-the-black-symphony-saga-1_558/index.html
King's Folly (The Kinsman Chronicles #1),£39.61,"

    
        In stock
    
",Five,../../../kings-folly-the-kinsman-chronicles-1_473/index.html
Every Heart a Doorway (Every Heart A Doorway #1),£12.16,"

    
        In stock
    
",Five,../../../every-heart-a-doorway-every-heart-a-doorway-1_465/index.html
A Gathering of Shadows (Shades of Magic #2),£44.81,"

    
        In stock
    
",Four,../../../a-gathering-of-shadows-shades-of-magic-2_456/index.html
The Raven Boys (The Raven Cycle #1),£57.74,"

    
        In stock
    
",Four,../../../the-raven-boys-the-raven-cycle-1_411/index.html
The False Prince (The Ascendance Trilogy #1),£56.00,"

    
        In stock
    
",Five,../../../the-false-prince-the-ascendance-trilogy-1_402/index.html
Tell the Wind and Fire,£45.51,"

    
        In stock
    
",Three,../../../tell-the-wind-and-fire_396/index.html
A Feast for Crows (A Song of Ice and Fire #4),£17.21,"

    
        In stock
    
",Four,../../../a-feast-for-crows-a-song-of-ice-and-fire-4_357/index.html
The Demonists (Demonist #1),£52.11,"

    
        In stock
    
",Two,../../../the-demonists-demonist-1_345/index.html
The Beast (Black Dagger Brotherhood #14),£46.08,"

    
        In stock
    
",Five,../../../the-beast-black-dagger-brotherhood-14_342/index.html
Paper and Fire (The Great Library #2),£49.45,"

    
        In stock
    
",Five,../../../paper-and-fire-the-great-library-2_339/index.html
Harry Potter and the Order of the Phoenix (Harry Potter #5),£31.63,"

    
        In stock
    
",Four,../../../harry-potter-and-the-order-of-the-phoenix-harry-potter-5_327/index.html
Harry Potter and the Half-Blood Prince (Harry Potter #6),£48.75,"

    
        In stock
    
",Five,../../../harry-potter-and-the-half-blood-prince-harry-potter-6_326/index.html
Harry Potter and the Chamber of Secrets (Harry Potter #2),£14.74,"

    
        In stock
    
",One,../../../harry-potter-and-the-chamber-of-secrets-harry-potter-2_325/index.html
The Rose & the Dagger (The Wrath and the Dawn #2),£58.64,"

    
        In stock
    
",Four,../../../the-rose-the-dagger-the-wrath-and-the-dawn-2_278/index.html
Soldier (Talon #3),£24.72,"

    
        In stock
    
",Two,../../../soldier-talon-3_222/index.html
Midnight Riot (Peter Grant/ Rivers of London - books #1),£55.46,"

    
        In stock
    
",Two,../../../midnight-riot-peter-grant-rivers-of-london-books-1_194/index.html
Heir to the Sky,£44.07,"

    
        In stock
    
",Four,../../../heir-to-the-sky_166/index.html
Eragon (The Inheritance Cycle #1),£43.87,"

    
        In stock
    
",Three,../../../eragon-the-inheritance-cycle-1_153/index.html
Darkfever (Fever #1),£56.02,"

    
        In stock
    
",One,../../../darkfever-fever-1_145/index.html
Ash,£22.06,"

    
        In stock
    
",Four,../../../ash_123/index.html
A Storm of Swords (A Song of Ice and Fire #3),£31.22,"

    
        In stock
    
",Two,../../../a-storm-of-swords-a-song-of-ice-and-fire-3_116/index.html
